,,,,,,,,,,,,,,,,,,,,,,,,,,,,,,,,,,,,,,,,,,,,,,,,,,,,,,,,,,,,,,,,,,,,,,,,,,,,,,,,,,,,,,,,,,,,,,,,,,,,,,,,,,,,,,,,,,,,,,,,,,,,,,,,,,,,,,,,,,,,,,,,,,,,,
,,,,,,,,,,,,,,,,,,,,,,,,,,,,,,,,,,,,,,,,,,,,,,,,,,,,,,,,,,,,,,,,,,,,,,,,,,,,,,,,,,,,,,,,,,,,,,,,,,,,,,,,,,,,,,,,,,,,,,,,,,,,,,,,,,,,,,,,,,,,,,,,,,,,,
,,,,,,,,,,,,,,,,,,,,,,,,,,,,,,,,,,,,,,,,,,,,,,,,,,,,,,,,,,,,,,,,,,,,,,,,,,,,,,,,,,,,,,,,,,,,,,,,,,,,,,,,,,,,,,,,,,,,,g,g,g,g,g,g,g,g,g,g,g,g,g,g,g,g,g,g,,,,,,,,,,,,,,,
,,,,,,,,,,,,,,,,,,,,,,,,,,,,,,,,,,,,,,,,,,,,,,,,,,,,,,,,,,,,,,,,,,,,,,,,,,,,,,,,,,,,,,,,,,,,,,,,,,,,,,,,,,,,,,,,,,,,,g,g,g,g,g,g,g,g,g,g,g,g,g,g,g,g,g,g,,,,,,,,,,,,,,,
,,,,,,,,,,,,,,,,,,,,,,,,,,,,,,,,,,,,,,,,,,,,,,,,,,,,,,,,,,,,,,,,,,,,,,,,,,,,,,,,,,,,,,,,,,,,,,,,,,,,,,,,,,,,,,,,,,,,,g,g,,,,,,,,,,,,,g,g,,bp;s1bp4;d;4;sb1,,,,,,,,,,,,,,,
,,,,,,,,,,,,,,,,,,,,,,,,,,,,,,,,,,,,,,,,,,,,,,,,,,,,,,,,,,,,,,,,,,,,,,,,,,,,,,,,,,,,,,,,,,,,,,,,,,,,,,,,,,,,,,,,,,,,,g,g,,,,,,,,,,,,,g,g,,,,,,,,,,,,,,,,,
,,,,,,,,,,,,,,,,,,,,,,,,,,,,,,,,,,,,,,,,,,,,,,,,,,,,,,,,,,,,,,,,,,,,,,,,,,,,,,,,,,,,,,,,,,,,,,,,,,,,,,,,,,,,,,,,,,,,,g,g,bp;s1bp1;r;4,bp;s1bp2;r;6,bp;s1bp3;r;8,,,,,,,,,,g,g,,,,,,,,,,,,,,,,,
,,,,,,,,,,,,,,,,,,,,,,,,,,,,,,,,,,,,,,,,,,,,,,,,,,,,,,,,,,,,,,,,,,,,,,,,,,,,,,,,,,,,,,,,,,,,,,,,,,,,,,,,,,,,,,,,,,,,,g,g,,,,,,,,,,,,,g,g,,,,,,,,,,,,,,,,,
,,,,,,,,,,,,,,,,,,,,,,,,,,,,,,,,,,,,,,,,,,,,,,,,,,,,,,,,,,,,,,,,,,,,,,,,,,,,,,,,,,,,,,,,,,,,,,,,,,,,,,,,,,,,,,,,,,,,,g,g,g,g,g,,,,,,,,,,g,g,,,,,,,,,,,,,,,,,
,,,,,,,,,,,,,,,,,,,,,,,,,,,,,,,,,,,,,,,,,,,,,,,,,,,,,,,,,,,,,,,,,,,,,,,,,,,,,,,,,,,,,,,,,,,,,,,,,,,,,,,,,,,,,,,,,,,,,g,g,g,g,g,g,g,g,g,g,g,g,g,g,g,g,,g,,,g,g,,,,,,,,,,,
,,,,,,,,,,,,,,,,,,,,,,,,,,,,,,,,,,,,,,,,,,,,,,,,,,,,,,,,,,,,,,,,,,,,,,,,,,,,,,,,,,,,,,,,,,,,,,,,,,,,,,,,,,,,,,,,,,,,,g,g,g,g,g,g,g,g,g,g,g,g,g,g,bp;s1bp0;u;2,g,,g,,,,g,,,,,,,,,,,
,,,,,,,,,,,,,,,,,,,,,,,,,,,,,,,,,,,,,,,,,,,,,,,,,,,,,,,,,,,,,,,,,,,,,,,,,,,,,,,,,,,,,,,,,,,,,,,,,,,,,,,,,,g,g,,g,g,g,g,g,bp;bp6.1;r;8,,,,,,,,,g,g,g,,,,,,,,,g,g,g,g,g,g,g,g,g,g,g,g,g,,,
,,,,,,,,,,,,,,,,,,,,,,,,,,,,,,,,,,,,,,,,,,,,,,,,,,,,,,,,,,,,,,,,,,,,,,,,,,,,,,,,,,,,,,,,,,,,,,,,,,,,,,,g,,,g,g,,g,g,g,g,g,bp;bp6.2;r;8,,,,,,,,,g,g,g,,,,,,,,,g,g,g,g,g,g,g,g,g,g,g,g,g,,,
,,,,,,,,,,,,,,,,,,,,,,,,,,,,,,,,,,,,,,,,,,,,,,,,,,,,,,,,,,,,,,,,,,,,,,,,,,,,,,,,,,,,,,,,,,,,,,,,,,,,,,,,,,g,,,,,g,g,g,bp;bp6.3;r;8,,,,,,,,,g,g,g,,,,,,,,,g,g,g,g,g,g,g,g,g,g,g,g,g,,,
,,,,,,,,,,,,,,,,,,,,,,,,,,,,,,,,,,,,,,,,,,,,,,,,,,,,,,,,,,,,,,,,,,,,,,,,,,,,,,,,,,,,,,,,,,,,,,,,,,,,,,,,,,g,,,,,g,g,g,bp;bp6.4;r;8,,,,,,,,,g,g,g,g,,,,,,,,g,g,g,g,g,g,g,g,g,g,g,g,g,,,
,,,,,,,,,,,,,,,,,,,,,,,,,,,,,,,,,,,,,,,,,,,,,,,,,,,,,,,,,,,,,,,,,,,,,,,,,,,,,,,,,,,,,,,,,,,,,,,,,,,,,,,,,,,,,,,g,g,g,bp;bp6.5;r;8,,,,,,,,,g,g,g,g,,,,,bp;bp9;u;4,fp,,g,g,g,g,g,g,g,g,g,g,g,g,g,,,
,,,,,,,,,,,,,,,,,,,,,,,,,,,,,,,,,,,,,,,,,,,,,,,,,,,,,,,,,,,,,,,,,,,,,,,,,,,,,,,,,,,,,,,,,,,,,,,,,,,,,,g,g,g,g,,fp,,fp,,g,g,g,bp;bp6.6;r;8,,,,,,,,,g,g,g,g,,,,,,,,g,g,g,g,g,g,g,g,g,g,g,g,g,,,
g,g,g,g,g,g,g,g,g,g,g,g,g,g,g,g,g,g,g,g,,,,,,,g,g,g,,,,,,g,g,g,,,,,,,,,,,,,g,g,g,,,,,,,,,g,g,g,g,,,,,,,,,g,g,g,g,,,,,,,,,g,g,g,g,,,,,,,,,,,g,g,g,g,g,g,g,g,,,,,,g,g,g,bp;bp6.7;r;8,,,,,,,,,g,g,g,g,,bp;bp8;u;6,,,,,,g,g,g,g,g,g,g,g,g,g,g,g,g,,,
g,g,g,g,g,g,g,g,g,g,g,g,g,g,g,g,g,g,g,g,,,,,,,g,g,g,,,,,,g,g,g,,,,,,,,,,,,,g,g,g,,,,,,,,,g,g,g,g,,,,,,,,,g,g,g,g,,,,,,,,,g,g,g,g,,,,,,bp;bp4;d;3,,,,,g,g,g,g,g,g,g,g,,,,,,g,g,g,bp;bp6.8;r;8,,,,,,,,,g,g,g,g,,,,,,,,g,g,g,g,g,g,g,g,g,g,g,g,g,,,
g,g,g,g,g,g,g,g,g,g,g,g,g,g,g,g,g,g,g,g,,,,,,,g,g,g,,,,,,g,g,g,,,g,,,g,,,g,,,,g,g,g,,,,,,,,,g,g,g,g,,,,,,,,,g,g,g,g,,,,,,,,,g,g,g,g,,,bp;bp3;d;2;b1,,,,,,,,g,g,g,g,g,g,g,g,,,,,,,,,,,,,,,,,,,,,,,,,,,,,,,,,,,,,,,,,,,,
g,g,g,g,g,g,g,g,g,g,g,g,g,g,g,g,g,g,g,g,,,,,,,g,g,g,,,g,,,g,g,g,,,,,,,,,g,,,,g,g,g,,,,,,,,,g,g,g,g,,,,,,,,,g,g,g,g,,,,,,,,,g,g,g,g,,,,,,,,,,,g,g,g,g,g,g,g,g,,,,,,,,,,,,,,,,,,,,,,,,,,,,,,,,,,,,,,,,,,,,
g,g,g,g,g,g,g,g,g,g,g,g,g,g,g,g,g,g,g,g,,,g,g,,,g,g,g,,,,,,g,g,g,,,,,,,,,,,,,g,g,g,,bp;bp1;r;7,,,,,,,g,g,g,g,,,fp,,,fp,,,g,g,g,g,bp;bp2;r;8,,,,,,,,g,g,g,g,,,,,,,,,fp,,g,g,g,g,g,g,g,g,,,,,,,,,,,,,,,,,,,,,,,,,,,,,,,,,,,,,,,,,,,,
g,g,g,g,g,g,g,g,g,g,g,g,g,g,g,g,g,g,g,g,,,g,g,,,g,g,g,,,,,,g,g,g,,g,g,,g,g,,,,,,,g,g,g,,,,,,,,,g,g,g,g,,,fp,,,fp,,,g,g,g,g,,,,,,,,,g,g,g,g,,,,,,,,,,,g,g,g,g,g,g,g,g,,,,,,,,,,,,,,,,,,,,,,,,,,,,,,,,,,,,,,,,,,,,
g,g,g,g,g,g,g,g,g,g,g,g,g,g,g,g,g,g,g,g,,,,,,,g,g,g,,,g,,,g,g,g,,,,,,,,g,g,g,,,g,g,g,,,,,,,,,g,g,g,g,,,,,,,,,g,g,g,g,,,,,,,,,g,g,g,g,,,,,,,,,,,g,g,g,g,g,g,g,g,g,,,,,,,,,,,,,,,,,,,,,,,,,,,,,,,,,,,,,,,,,,,
g,g,g,g,g,g,g,g,g,g,g,g,g,g,g,g,g,g,g,g,,,,,,,g,g,g,,,g,,,g,g,g,,,,,,,,,,,,,g,g,g,,,,,,,,,g,g,g,g,,,,,,,,,g,g,g,g,,,fp,,,g,,,g,g,g,g,,,bp;bp5;r;8,,,,,,,,g,g,g,g,g,g,g,g,g,,bp;bp6;d;5;b2,,,,,,,,,,,,,,,,,,,,,,,,,,,,,,,,,,,,,,,,,
g,g,g,g,g,g,g,g,g,g,g,g,g,g,g,g,g,g,g,g,,,,,,,g,g,g,,,,,,g,g,g,,,,,,,,,,,,,g,g,g,,,,,,,,,g,g,g,g,,,,,,,,,g,g,g,g,,,,,,,,,g,g,g,g,,,,,,,,,,,g,g,g,g,g,g,g,g,g,,,,,,,,,,,,,,g,,,,,g,g,g,g,,,,,,,,,,,,,,,,,g,g,g,g,g
g,g,g,g,g,g,g,g,g,g,g,g,g,g,g,g,g,g,g,g,,,,,,,g,g,g,,,,,,g,g,g,,,,,,,,,,,,,g,g,g,,,,,,,,,g,g,g,g,,,,,,,,,g,g,g,g,,,,,,,,,g,g,g,g,,,,,,,,,,,g,g,g,g,g,g,g,g,,,,,,,,,,,,,,,,,,,,g,g,g,g,,fp;;b5,,,bp;bp14;d;3,,,,,,fp,,,fp,,bp;bp16;l;11,g,g,g,g,g
,,,,,,,,,,,,,,,,,,,,,,,,,,,,,,,,,,,,,,,,,,,,,,,,,,,,,,,,,,,,,,,,,,,,,,,,,,,,,,,,,,,,,,,,,,,,,,,,,,,,,,,,,,,,,,,g,g,,,,,,,,,,,,,g,g,g,g,,,,,,,,,,,,,,,,,g,g,g,g,g
,,,,,,,,,,,,,,,,,,,,,,,,,,,,,,,,,,,,,,,,,,,,,,,,,,,,,,,,,,,,,,,,,,,,,,,,,,,,,,,,,,,,,,,,,,,,,,,,,,,,,,,,,,,g,g,g,,g,g,,bp;bp11;r;7,,,,,,,,,,,g,g,g,g,,,,,,,,,,,,,,,,,g,g,g,g,g
,,,,,,,,,,,,,,,,,,,,,,,,,,,,,,,,,,,,,,,,,,,,,,,,,,,,,,,,,,,,,,,,,,,,,,,,,,,,,,,,,,,,,,,,,,,,,,,,,,,,,,,,,,g,g,g,g,g,g,g,,,,,,,,,,,,,g,g,g,g,,fp,,,,,,fp,,,bp;bp15;l;6,,,,,,g,g,g,g,g
,,,,,,,,,,,,,,,,,,,,,,,,,,,,,,,,,,,,,,,,,,,,,,,,,,,,,,,,,,,,,,,,,,,,,,,,,,,,,,,,,,,,,,,,,,,,,,,,,,,,,,,,,,g,g,g,g,g,g,g,,,,,,,,,,,,,g,g,g,g,,,,,,,,fp,,,fp,,,fp,,,g,g,g,g,g
,,,,,,,,,,,,,,,,,,,,,,,,,,,,,,,,,,,,,,,,,,,,,,,,,,,,,,,,,,,,,,,,,,,,,,,,,,,,,,,,,,,,,,,,,,,,,,,,,,,,,,,,,,g,g,g,g,g,g,g,,,bp;bp10;r;10;b3,,,,,,,,,,g,g,g,g,,,,,,,,g,,,,,,,,,g,g,g,g,g
,,,,,,,,,,,,,,,,,,,,,,,,,,,,,,,,,,,,,,,,,,,,,,,,,,,,,,,,,,,,,,,,,,,,,,,,,,,,,,,,,,,,,,,,,,,,,,,,,,,,,,,bp;bp7;u;3,,,g,g,g,g,g,g,g,,,,,,,,,,,,,g,g,g,g,,bp;bp13;r;6;b4,,,,,,g,,,fp,fp,,g,g,,g,g,g,g,g
,,,,,,,,,,,,,,,,,,,,,,,,,,,,,,,,,,,,,,,,,,,,,,,,,,,,,,,,,,,,,,,,,,,,,,,,,,,,,,,,,,,,,,,,,,,,,,,,,,,,,,,,,,,,,,,,,,,,,,,,,,,,,,,,,,,,,,,,,,,,,,,,,,,,,
,,,,,,,,,,,,,,,,,,,,,,,,,,,,,,,,,,,,,,,,,,,,,,,,,,,,,,,,,,,,,,,,,,,,,,,,,,,,,,,,,,,,,,,,,,,,,,,,,,,,,,,,,,,,,,,,,,,,,,,,,,g,g,g,g,g,g,g,g,g,g,g,g,g,g,g,g,g,,,,,,,,,,,
,,,,,,,,,,,,,,,,,,,,,,,,,,,,,,,,,,,,,,,,,,,,,,,,,,,,,,,,,,,,,,,,,,,,,,,,,,,,,,,,,,,,,,,,,,,,,,,,,,,,,,,,,,,,,,,,,,,,,,,,,,g,g,g,g,g,g,g,g,g,g,g,g,g,g,g,g,g,,,,,,,,,,,
,,,,,,,,,,,,,,,,,,,,,,,,,,,,,,,,,,,,,,,,,,,,,,,,,,,,,,,,,,,,,,,,,,,,,,,,,,,,,,,,,,,,,,,,,,,,,,,,,,,,,,,,,,,,,,,,,,,,,,,,,,g,g,g,g,g,g,g,g,g,g,g,g,g,g,g,g,g,,,,,,,,,,,
,,,,,,,,,,,,,,,,,,,,,,,,,,,,,,,,,,,,,,,,,,,,,,,,,,,,,,,,,,,,,,,,,,,,,,,,,,,,,,,,,,,,,,,,,,,,,,,,,,,,,,,,,,,,,,,,,,,,,,,,,,g,g,g,g,g,g,g,g,g,g,g,g,g,g,g,g,g,bp;s2 bp0;u;4,,,,,,,,,,
,,,,,,,,,,,,,,,,,,,,,,,,,,,,,,,,,,,,,,,,,,,,,,,,,,,,,,,,,,,,,,,,,,,,,,,,,,,,,,,,,,,,,,,,,,,,,,,,,,,,,,,,,,,,,,,,,,,,,,,,,,g,g,g,g,g,g,g,g,g,g,g,g,g,g,g,g,g,g,,,,,,,,,,
,,,,,,,,,,,,,,,,,,,,,,,,,,,,,,,,,,,,,,,,,,,,,,,,,,,,,,,,,,,,,,,,,,,,,,,,,,,,,,,,,,,,,,,,,,,,,,,,,,,,,,,,,,,,,,,,,,,,,,,,,,g,g,g,g,g,g,g,g,g,g,g,g,g,g,g,g,g,g,,,,,,,,,,
,,,,,,,,,,,,,,,,,,,,,,,,,,,,,,,,,,,,,,,,,,,,,,,,,,,,,,,,,,,,,,,,,,,,,,,,,,,,,,,,,,,,,,,,,,,,,,,,,,,,,,,,,,,,,,,,,,,,,,,,,,g,g,g,g,g,g,g,g,g,g,g,g,g,g,g,g,g,g,,,,,,,,,,
,,,,,,,,,,,,,,,,,,,,,,,,,,,,,,,,,,,,,,,,,,,,,,,,,,,,,,,,,,,,,,,,,,,,,,,,,,,,,,,,,,,,,,,,,,,,,,,,,,,,,,,,,,,,,,,,,,,,,,,,,,g,g,g,g,g,g,g,g,g,g,g,g,g,g,g,g,g,g,,,,,,,,,,
,,,,,,,,,,,,,,,,,,,,,,,,,,,,,,,,,,,,,,,,,,,,,,,,,,,,,,,,,,,,,,,,,,,,,,,,,,,,,,,,,,,,,,,,,,,,,,,,,,,,,,,,,,,,,,,,,,,,,,,,,.,,,,,,,,,,,,,,,,,,,,,,,,,,,,